Categoria,Palabra
CARE.VIRTUE,ALIVIAR
CARE.VIRTUE,ALIVIADO
CARE.VIRTUE,ALIVIA
CARE.VIRTUE,ALIVIANDO
CARE.VIRTUE,ALIVIO
CARE.VIRTUE,ALTRUISMO
CARE.VIRTUE,ALTRUISTA
CARE.VIRTUE,BENEFICENCIA
CARE.VIRTUE,BENEFICIARIO
CARE.VIRTUE,BENEFICIO
CARE.VIRTUE,BENEFICIOS
CARE.VIRTUE,BENEFICIOSOS
CARE.VIRTUE,BENEFICIOS
CARE.VIRTUE,BENEVOLENCIA
CARE.VIRTUE,BENEVOLENTE
CARE.VIRTUE,CUIDADO
CARE.VIRTUE,CUIDADO
CARE.VIRTUE,CUIDADOR
CARE.VIRTUE,CUIDADOS
CARE.VIRTUE,CARIÑOSO
CARE.VIRTUE,CUIDADOSAMENTE
CARE.VIRTUE,CARITATIVO
CARE.VIRTUE,CARIDAD
CARE.VIRTUE,NIÑO
CARE.VIRTUE,MATERNIDAD
CARE.VIRTUE,PARTO
CARE.VIRTUE,INFANCIA
CARE.VIRTUE,VESTIR
CARE.VIRTUE,COMODIDAD
CARE.VIRTUE,CONSOLADO
CARE.VIRTUE,CONSOLIDADOR
CARE.VIRTUE,COMPASIÓN
CARE.VIRTUE,COMPASIVO
CARE.VIRTUE,COMPASIVAMENTE
CARE.VIRTUE,CONDOLENCIA
CARE.VIRTUE,CONDOLENCIAS
CARE.VIRTUE,CONSOLA
CARE.VIRTUE,CONSOLADO
CARE.VIRTUE,CONSOLAS
CARE.VIRTUE,CONSOLADOR
CARE.VIRTUE,CONSOLIDADORAMENTE
CARE.VIRTUE,EMPATIZADO
CARE.VIRTUE,EMPATIZA
CARE.VIRTUE,EMPATIZANDO
CARE.VIRTUE,EMPATIZAR
CARE.VIRTUE,EMPATIZADO
CARE.VIRTUE,EMPATIZADORES
CARE.VIRTUE,EMPATIZA
CARE.VIRTUE,EMPATIZANDO
CARE.VIRTUE,EMPATÍA
CARE.VIRTUE,ALIMENTAR
CARE.VIRTUE,ALIMENTADOR
CARE.VIRTUE,ALIMENTACIÓN
CARE.VIRTUE,ALIMENTOS
CARE.VIRTUE,GENEROSIDAD
CARE.VIRTUE,GENEROSO
CARE.VIRTUE,GENEROSAMENTE
CARE.VIRTUE,GENTILIDAD
CARE.VIRTUE,SANAR
CARE.VIRTUE,SANADO
CARE.VIRTUE,SANADOR
CARE.VIRTUE,SANADORES
CARE.VIRTUE,CICATRIZACIÓN
CARE.VIRTUE,CURA
CARE.VIRTUE,SALUD
CARE.VIRTUE,SALUD
CARE.VIRTUE,SALUDABLE
CARE.VIRTUE,AYUDA
CARE.VIRTUE,AYUDÓ
CARE.VIRTUE,AYUDANTE
CARE.VIRTUE,AYUDANTES
CARE.VIRTUE,ÚTIL
CARE.VIRTUE,UTILIDAD
CARE.VIRTUE,AYUDANDO
CARE.VIRTUE,AYUDA
CARE.VIRTUE,HOSPITALARIO
CARE.VIRTUE,HOSPITAL
CARE.VIRTUE,HOSPITALIZAR
CARE.VIRTUE,HOSPITALIZA
CARE.VIRTUE,HOSPITALIZANDO
CARE.VIRTUE,HOSPITALIDAD
CARE.VIRTUE,HOSPITALIZACIÓN
CARE.VIRTUE,HOSPITALIZAR
CARE.VIRTUE,HOSPITALIZADO
CARE.VIRTUE,HOSPITALIZA
CARE.VIRTUE,HOSPITALIZANDO
CARE.VIRTUE,ABRAZO
CARE.VIRTUE,ABRAZADO
CARE.VIRTUE,CORTADOR
CARE.VIRTUE,ABRAZOS
CARE.VIRTUE,ABRAZOS
CARE.VIRTUE,HUMANO
CARE.VIRTUE,AMABILIDAD
CARE.VIRTUE,AMAR
CARE.VIRTUE,AMADO
CARE.VIRTUE,AMANTE
CARE.VIRTUE,AMA
CARE.VIRTUE,CARIÑOSO
CARE.VIRTUE,CARIÑOSAMENTE
CARE.VIRTUE,MISERICORDIOSO
CARE.VIRTUE,MERCED
CARE.VIRTUE,MAMI
CARE.VIRTUE,MADRE
CARE.VIRTUE,MADRE
CARE.VIRTUE,MATERNIDAD
CARE.VIRTUE,MATERNIDAD
CARE.VIRTUE,MATERNAL
CARE.VIRTUE,MADRES
CARE.VIRTUE,ENFERMERO
CARE.VIRTUE,CUIDADO
CARE.VIRTUE,NIÑERA
CARE.VIRTUE,GUARDERÍA
CARE.VIRTUE,ENFERMERAS
CARE.VIRTUE,ENFERMERÍA
CARE.VIRTUE,CRIANZA
CARE.VIRTUE,NUTRIR
CARE.VIRTUE,NUTRIDO
CARE.VIRTUE,CUIDA
CARE.VIRTUE,CRIADORES
CARE.VIRTUE,CUIDA
CARE.VIRTUE,NUTRICIÓN
CARE.VIRTUE,CRIANZA
CARE.VIRTUE,PACIENTE
CARE.VIRTUE,PACIENTES
CARE.VIRTUE,COMPADIDO
CARE.VIRTUE,PIEDADES
CARE.VIRTUE,LÁSTIMA
CARE.VIRTUE,COMPASIÓN
CARE.VIRTUE,LÁSTIMA
CARE.VIRTUE,PROTEGER
CARE.VIRTUE,PROTEGIDO
CARE.VIRTUE,PROTECTOR
CARE.VIRTUE,PROTECTORES
CARE.VIRTUE,PROTEGIENDO
CARE.VIRTUE,PROTECCIÓN
CARE.VIRTUE,PROTECTOR
CARE.VIRTUE,PROTECCIÓN
CARE.VIRTUE,PROTECTOR
CARE.VIRTUE,PROTECTORADO
CARE.VIRTUE,PROTEGE
CARE.VIRTUE,ALIVIO
CARE.VIRTUE,ALIVIAR
CARE.VIRTUE,ALIVIADO
CARE.VIRTUE,ALIVIO
CARE.VIRTUE,RELIEVES
CARE.VIRTUE,RELIEVES
CARE.VIRTUE,ALIVIO
CARE.VIRTUE,RESCATE
CARE.VIRTUE,RESCATADO
CARE.VIRTUE,RESCATADOR
CARE.VIRTUE,RESCATADORES
CARE.VIRTUE,RESCUES
CARE.VIRTUE,RESCATE
CARE.VIRTUE,SEGURO
CARE.VIRTUE,SALVAGUARDA
CARE.VIRTUE,CUSTODIA
CARE.VIRTUE,SEGURIDAD
CARE.VIRTUE,SEGURIDAD
CARE.VIRTUE,COMPARTIR
CARE.VIRTUE,COMPARTIDO
CARE.VIRTUE,COMPARTIDOR
CARE.VIRTUE,ACCIONES
CARE.VIRTUE,INTERCAMBIO
CARE.VIRTUE,CONSUELO
CARE.VIRTUE,SIMPATIZAR
CARE.VIRTUE,SIMPATIZANTE
CARE.VIRTUE,SIMPATIZANTES
CARE.VIRTUE,SIMPATIZANDO
CARE.VIRTUE,COMPASIÓN
CARE.VIRTUE,ILESO
CARE.VIRTUE,INOXIDABLE
CARE.VIRTUE,VULNERABILIDAD
CARE.VIRTUE,VULNERABLE
CARE.VIRTUE,CÁLIDO
CARE.VIRTUE,HERIDA
CARE.VIRTUE,HERIDO
CARE.VIRTUE,HERIDA
CARE.VIRTUE,HERIDAS
CARE.VICE,ABUSADO
CARE.VICE,ABUSADOR
CARE.VICE,ABUSADORES
CARE.VICE,ABUSOS
CARE.VICE,ABUSO
CARE.VICE,DOLOR
CARE.VICE,DOLIDO
CARE.VICE,DOLORES
CARE.VICE,DOLOR
CARE.VICE,DOLOROSAMENTE
CARE.VICE,AFECTAR
CARE.VICE,AFECTADO
CARE.VICE,AFLICCIÓN
CARE.VICE,AFLICCIONES
CARE.VICE,AFLIGIDOS
CARE.VICE,AGONIZAR
CARE.VICE,AGONIZADO
CARE.VICE,AGONIZANTE
CARE.VICE,AGONIZANTEMENTE
CARE.VICE,AGONÍA
CARE.VICE,ANGUSTIA
CARE.VICE,ANGUSTIADO
CARE.VICE,ANGUSTIAS
CARE.VICE,ANGUSTIANTE
CARE.VICE,ANIQUILAR
CARE.VICE,ANIQUILADO
CARE.VICE,ANIQUILA
CARE.VICE,ANIQUILACIÓN
CARE.VICE,ANIQUILADOR
CARE.VICE,ASESINO
CARE.VICE,ASESINAR
CARE.VICE,ASESINADO
CARE.VICE,ASESINATOS
CARE.VICE,ASESINATO
CARE.VICE,ASESINATO
CARE.VICE,ASESINATOS
CARE.VICE,ASESINOS
CARE.VICE,AGRESIÓN
CARE.VICE,ASALTO
CARE.VICE,ASALTANTE
CARE.VICE,ASALTANTES
CARE.VICE,AGRESIÓN
CARE.VICE,ASALTOS
CARE.VICE,ATAQUE
CARE.VICE,ATACADO
CARE.VICE,ATACANTE
CARE.VICE,ATACANTES
CARE.VICE,ATAQUES
CARE.VICE,BRUTALIZACIÓN
CARE.VICE,BRUTAL
CARE.VICE,BRUTALIZA
CARE.VICE,BRUTALIDAD
CARE.VICE,BRUTALIZACIÓN
CARE.VICE,BRUTALIZAR
CARE.VICE,BRUTALIZADO
CARE.VICE,BRUTALIZA
CARE.VICE,BRUTALIZANTE
CARE.VICE,ACOSADO
CARE.VICE,ACOSADORES
CARE.VICE,MATÓN
CARE.VICE,MATONERO
CARE.VICE,ACOSO
CARE.VICE,CARNICERÍA
CARE.VICE,VÍCTIMAS
CARE.VICE,VÍCTIMA
CARE.VICE,LLORÓ
CARE.VICE,PREGONADOR
CARE.VICE,LLANTOS
CARE.VICE,CRUEL
CARE.VICE,CRUELDAD
CARE.VICE,CRUELDAD
CARE.VICE,LLANTO
CARE.VICE,DAÑO
CARE.VICE,DAÑADO
CARE.VICE,DAÑADOR
CARE.VICE,DAÑOS
CARE.VICE,DAÑINO
CARE.VICE,DESTRUIR
CARE.VICE,DESTRUIDO
CARE.VICE,DESTRUCTOR
CARE.VICE,DESTRUCTORES
CARE.VICE,DESTRUYENDO
CARE.VICE,DESTRUYE
CARE.VICE,DESTRUCCIÓN
CARE.VICE,EL
CARE.VICE,MALESTAR
CARE.VICE,INCOMODADO
CARE.VICE,INCOMODIDAD
CARE.VICE,MOLESTIAS
CARE.VICE,ANGUSTIA
CARE.VICE,ANGUSTIADO
CARE.VICE,ANGUSTIAS
CARE.VICE,ANGUSTIADO
CARE.VICE,ANGUSTIOSAMENTE
CARE.VICE,COACCIÓN
CARE.VICE,EXPLOTAR
CARE.VICE,EXPLOTACIÓN
CARE.VICE,EXPLOTADO
CARE.VICE,EXPLOTAR
CARE.VICE,EXPLOTADORES
CARE.VICE,EXPLOTANDO
CARE.VICE,EXPLOTACIONES
CARE.VICE,MUERTES
CARE.VICE,FATALIDAD
CARE.VICE,LUCHAR
CARE.VICE,LUCHADOR
CARE.VICE,LUCHADORES
CARE.VICE,LUCHA
CARE.VICE,LUCHAS
CARE.VICE,GENOCIDA
CARE.VICE,GENOCIDIO
CARE.VICE,GENOCIDOS
CARE.VICE,ACOSAR
CARE.VICE,ACOSADO
CARE.VICE,ACOSADOR
CARE.VICE,ACOSADORES
CARE.VICE,ACOSA
CARE.VICE,ACOSO
CARE.VICE,ACOSO
CARE.VICE,DAÑAR
CARE.VICE,PERJUDICADO
CARE.VICE,DAÑINO
CARE.VICE,NOCIVIDAD
CARE.VICE,DAÑINO
CARE.VICE,DAÑOS
CARE.VICE,DURO
CARE.VICE,DUREZA
CARE.VICE,HAMBRE
CARE.VICE,HAMBRIENTO
CARE.VICE,HAMBRIENTO
CARE.VICE,HAMBRE
CARE.VICE,HERIR
CARE.VICE,HERIDO
CARE.VICE,HERIR
CARE.VICE,DUELE
CARE.VICE,INFLICTAR
CARE.VICE,INFLIGIDO
CARE.VICE,INFLIGIENDO
CARE.VICE,INFLICTOS
CARE.VICE,INHÓSPITO
CARE.VICE,INSHOSPITALIA
CARE.VICE,INHUMANO
CARE.VICE,INHUMANIDAD
CARE.VICE,HERIDO
CARE.VICE,LESIONADOR
CARE.VICE,LESIONADORES
CARE.VICE,LESIONES
CARE.VICE,LESIONANDO
CARE.VICE,PERJUDICIAL
CARE.VICE,LESIÓN
CARE.VICE,MATAR
CARE.VICE,ASESINADO
CARE.VICE,ASESINO
CARE.VICE,ASESINOS
CARE.VICE,ASESINATO
CARE.VICE,MATA
CARE.VICE,MALEVOLENCIA
CARE.VICE,MALÉVULO
CARE.VICE,MALTRATAR
CARE.VICE,MALTRATADO
CARE.VICE,MALTRATO
CARE.VICE,MALTRATO
CARE.VICE,MANIPULAR
CARE.VICE,MALTRATA
CARE.VICE,MALTRATAR
CARE.VICE,MALTRATADO
CARE.VICE,MALTRATO
CARE.VICE,MALTRATO
CARE.VICE,MALTRATOS
CARE.VICE,MOLEST
CARE.VICE,ABUSADO
CARE.VICE,ABUSADOR
CARE.VICE,ABUSADORES
CARE.VICE,MOLESTOS
CARE.VICE,ASESINATO
CARE.VICE,ASESINADO
CARE.VICE,ASESINO
CARE.VICE,ASESINOS
CARE.VICE,ASESINA
CARE.VICE,ASESINATO
CARE.VICE,ASESINO
CARE.VICE,ASESINATOS
CARE.VICE,NECESIDAD
CARE.VICE,NECESITADO
CARE.VICE,DOLOR
CARE.VICE,DOLIDO
CARE.VICE,DOLOR
CARE.VICE,CUADRO
CARE.VICE,DOLORES
CARE.VICE,PERSEGUIR
CARE.VICE,PERSEGUIDOS
CARE.VICE,PERSIGUE
CARE.VICE,PERSIGUIENDO
CARE.VICE,PERSECUCIÓN
CARE.VICE,PUÑETAZO
CARE.VICE,PERFORADO
CARE.VICE,GOLPEADOR
CARE.VICE,GOLPEADORES
CARE.VICE,PUÑETAZOS
CARE.VICE,PUNZÓN
CARE.VICE,VIOLACIÓN
CARE.VICE,VIOLADA
CARE.VICE,VIOLACIONES
CARE.VICE,VIOLACIÓN
CARE.VICE,VIOLADOR
CARE.VICE,VIOLADORES
CARE.VICE,ESTRAGOS
CARE.VICE,DESTRUIDO
CARE.VICE,ESTRAGOS
CARE.VICE,ESTRAGOS
CARE.VICE,GOLPE
CARE.VICE,AHOGAR
CARE.VICE,AHOGADO
CARE.VICE,ASFIXIA
CARE.VICE,SOFOCA
CARE.VICE,PENA
CARE.VICE,DOLORIDO
CARE.VICE,DOLORES
CARE.VICE,APUÑALADO
CARE.VICE,PUÑALADOR
CARE.VICE,PUÑALADORES
CARE.VICE,APUÑALAMIENTO
CARE.VICE,PUÑALADAS
CARE.VICE,SUFRIR
CARE.VICE,SUFRIDO
CARE.VICE,VÍCTIMA
CARE.VICE,VÍCTIMAS
CARE.VICE,SUFRIMIENTO
CARE.VICE,SUFRE
CARE.VICE,AMENAZA
CARE.VICE,AMENAZAR
CARE.VICE,AMENAZADO
CARE.VICE,AMENAZANTE
CARE.VICE,AMENAZADORAMENTE
CARE.VICE,AMENAZA
CARE.VICE,AMENAZAS
CARE.VICE,TORMENTO
CARE.VICE,ATORMENTADO
CARE.VICE,TORMENTADOR
CARE.VICE,TORMENTADORES
CARE.VICE,ATORMENTANDO
CARE.VICE,TORMENTADOR
CARE.VICE,TORMENTOS
CARE.VICE,TORTURA
CARE.VICE,TORTURADO
CARE.VICE,TORTURADOR
CARE.VICE,TORTURADORES
CARE.VICE,TORTURAS
CARE.VICE,TORTURA
CARE.VICE,TORTUROSO
CARE.VICE,TRIBULACIÓN
CARE.VICE,TRIBULACIONES
CARE.VICE,INDIFERENTE
CARE.VICE,INÚTIL
CARE.VICE,INÚTILIDAD
CARE.VICE,CRUEL
CARE.VICE,CRUELDAD
CARE.VICE,DESPIADADO
CARE.VICE,VÍCTIMA
CARE.VICE,VÍCTIMAS
CARE.VICE,VICTIMIZACIÓN
CARE.VICE,VICTIMIZAR
CARE.VICE,VICTIMIZADOR
CARE.VICE,VICTIMOS
CARE.VICE,VÍCTIMIZA
CARE.VICE,VICTIMIZANDO
CARE.VICE,VÍCTIMAS
CARE.VICE,VIOLENCIA
CARE.VICE,VIOLENTO
CARE.VICE,VULNERABILIDAD
CARE.VICE,VULNERABLE
CARE.VICE,HERIDA
CARE.VICE,HERIDO
CARE.VICE,HERIDA
CARE.VICE,HERIDAS
FAIRNESS.VIRTUE,ODIAR
FAIRNESS.VIRTUE,VENGADO
FAIRNESS.VIRTUE,VENGADOR
FAIRNESS.VIRTUE,VENGADORES
FAIRNESS.VIRTUE,VENGADOS
FAIRNESS.VIRTUE,VENGANDO
FAIRNESS.VIRTUE,OBJETIVO
FAIRNESS.VIRTUE,SER_OBJETIVO
FAIRNESS.VIRTUE,COMPENSAR
FAIRNESS.VIRTUE,COMPENSADO
FAIRNESS.VIRTUE,COMPENSA
FAIRNESS.VIRTUE,COMPENSACIÓN
FAIRNESS.VIRTUE,COMPENSACIÓN
FAIRNESS.VIRTUE,DEBIDO_PROCESO
FAIRNESS.VIRTUE,DEBIDO_PROCESAMIENTOS
FAIRNESS.VIRTUE,DOS
FAIRNESS.VIRTUE,IGUALITARIO
FAIRNESS.VIRTUE,IGUALITARIOS
FAIRNESS.VIRTUE,IGUAL
FAIRNESS.VIRTUE,IGUALDADES
FAIRNESS.VIRTUE,IGUALDAD
FAIRNESS.VIRTUE,IGUALAR
FAIRNESS.VIRTUE,ECUALIZADOR
FAIRNESS.VIRTUE,ECUALIZADORES
FAIRNESS.VIRTUE,IGUAL
FAIRNESS.VIRTUE,EQUITATIVO
FAIRNESS.VIRTUE,ACCIONES
FAIRNESS.VIRTUE,EQUIDAD
FAIRNESS.VIRTUE,JUSTO
FAIRNESS.VIRTUE,JUSTO
FAIRNESS.VIRTUE,JUSTICIA
FAIRNESS.VIRTUE,HONESTO
FAIRNESS.VIRTUE,HONESTIDAD
FAIRNESS.VIRTUE,IMPARCIAL
FAIRNESS.VIRTUE,IMPARCIALIDAD
FAIRNESS.VIRTUE,INTEGRIDAD
FAIRNESS.VIRTUE,JUSTICIA
FAIRNESS.VIRTUE,JUEZES
FAIRNESS.VIRTUE,JUSTIFICACIÓN
FAIRNESS.VIRTUE,JUSTIFICADO
FAIRNESS.VIRTUE,JUSTIFICA
FAIRNESS.VIRTUE,JUSTIFICAR
FAIRNESS.VIRTUE,JUSTIFICANDO
FAIRNESS.VIRTUE,JUSTICIA
FAIRNESS.VIRTUE,KARMA
FAIRNESS.VIRTUE,LEY
FAIRNESS.VIRTUE,LEGAL
FAIRNESS.VIRTUE,LEGALMENTE
FAIRNESS.VIRTUE,LEYES
FAIRNESS.VIRTUE,ABOGADO
FAIRNESS.VIRTUE,ABOGADO
FAIRNESS.VIRTUE,ABOGACÍA
FAIRNESS.VIRTUE,ABOGADOS
FAIRNESS.VIRTUE,OBJETIVIDAD
FAIRNESS.VIRTUE,PARIDAD
FAIRNESS.VIRTUE,PAGAR_DEVOLVER
FAIRNESS.VIRTUE,VENGANZA
FAIRNESS.VIRTUE,PROPORCIONAL
FAIRNESS.VIRTUE,PROPORCIONALIDAD
FAIRNESS.VIRTUE,RECÍPROCO
FAIRNESS.VIRTUE,RECIPROCIDAD
FAIRNESS.VIRTUE,ÁRBITRO
FAIRNESS.VIRTUE,ARBITRADO
FAIRNESS.VIRTUE,ARBITRAJE
FAIRNESS.VIRTUE,ÁRBITROS
FAIRNESS.VIRTUE,REEMBOLSADO
FAIRNESS.VIRTUE,REPARACIÓN
FAIRNESS.VIRTUE,REPARACIONES
FAIRNESS.VIRTUE,REEMBOLSAR
FAIRNESS.VIRTUE,REEMBOLSANDO
FAIRNESS.VIRTUE,REEMBOLSO
FAIRNESS.VIRTUE,REEMBOLSOS
FAIRNESS.VIRTUE,REEMBOLSOS
FAIRNESS.VIRTUE,RESTITUCIÓN
FAIRNESS.VIRTUE,REPRESALIA
FAIRNESS.VIRTUE,RETRIBUCIÓN
FAIRNESS.VIRTUE,RETRIBUCIONES
FAIRNESS.VIRTUE,VENGANZA
FAIRNESS.VIRTUE,VENGADOR
FAIRNESS.VIRTUE,DERECHOS
FAIRNESS.VIRTUE,DEPORTIVIDAD
FAIRNESS.VIRTUE,TRIBUNAL
FAIRNESS.VIRTUE,TRIBUNALES
FAIRNESS.VIRTUE,CONFIANZA
FAIRNESS.VIRTUE,CONFIANDO
FAIRNESS.VIRTUE,FIDEICOMISOS
FAIRNESS.VIRTUE,CONFIANZA
FAIRNESS.VIRTUE,CONFIABLE
FAIRNESS.VIRTUE,IMPARCIALIDAD
FAIRNESS.VIRTUE,IMPARCIAL
FAIRNESS.VIRTUE,VENGANZA
FAIRNESS.VIRTUE,COMPARTIRÉ
FAIRNESS.VICE,AM_PARCIAL
FAIRNESS.VICE,EMBAUCAR
FAIRNESS.VICE,ENGAÑADO
FAIRNESS.VICE,BAMBÚS
FAIRNESS.VICE,BAMBÚ
FAIRNESS.VICE,SER_PARCIAL
FAIRNESS.VICE,SER_PARCIAL
FAIRNESS.VICE,TRAICIONAR
FAIRNESS.VICE,TRAICIÓN
FAIRNESS.VICE,TRAICIONADO
FAIRNESS.VICE,TRAIDOR
FAIRNESS.VICE,TRAIDORES
FAIRNESS.VICE,TRAICIONANDO
FAIRNESS.VICE,TRAICIONA
FAIRNESS.VICE,INCLINACIÓN
FAIRNESS.VICE,SESGADO
FAIRNESS.VICE,SESGOS
FAIRNESS.VICE,SESGO
FAIRNESS.VICE,INFANTIL
FAIRNESS.VICE,INTOLERANTE
FAIRNESS.VICE,INFANTILES
FAIRNESS.VICE,ESTAFAR
FAIRNESS.VICE,ESTAFADO
FAIRNESS.VICE,ESTAFANDO
FAIRNESS.VICE,BILLS
FAIRNESS.VICE,CHANTAJE
FAIRNESS.VICE,CHANTAJEADO
FAIRNESS.VICE,CHANTAJEADOR
FAIRNESS.VICE,CHANTAJEADORES
FAIRNESS.VICE,CHANTAJE
FAIRNESS.VICE,CHANTAJES
FAIRNESS.VICE,CHOVINOS
FAIRNESS.VICE,ENGAÑAR
FAIRNESS.VICE,ENGAÑADO
FAIRNESS.VICE,TRAMPOSO
FAIRNESS.VICE,TRAMPOS
FAIRNESS.VICE,INFIEL
FAIRNESS.VICE,TRUCOS
FAIRNESS.VICE,ESTAFA
FAIRNESS.VICE,ESTAFADORES
FAIRNESS.VICE,CONNIVE
FAIRNESS.VICE,CONNIVADO
FAIRNESS.VICE,CONJUNTO
FAIRNESS.VICE,CONNIVADORES
FAIRNESS.VICE,CONFIANZA
FAIRNESS.VICE,CONJUNTO
FAIRNESS.VICE,LADRÓN
FAIRNESS.VICE,TORCIDO
FAIRNESS.VICE,LADRONES
FAIRNESS.VICE,ENGAÑO
FAIRNESS.VICE,ENGAÑAR
FAIRNESS.VICE,ENGAÑADO
FAIRNESS.VICE,ENGAÑADOR
FAIRNESS.VICE,ENGAÑADORES
FAIRNESS.VICE,ENGAÑA
FAIRNESS.VICE,ENGAÑANDO
FAIRNESS.VICE,ENGAÑOSAMENTE
FAIRNESS.VICE,ENGAÑO
FAIRNESS.VICE,DEFRAUD
FAIRNESS.VICE,DEFRAUDADO
FAIRNESS.VICE,DEFRAUDADOR
FAIRNESS.VICE,DEFRAUDADORES
FAIRNESS.VICE,DEFRAUDANDO
FAIRNESS.VICE,DEFRAUDA
FAIRNESS.VICE,ROBÓ
FAIRNESS.VICE,DESVENTAJADOS
FAIRNESS.VICE,DISCRIMINAR
FAIRNESS.VICE,DISCRIMINADO
FAIRNESS.VICE,DISCRIMINA
FAIRNESS.VICE,DISCRIMINADOR
FAIRNESS.VICE,DISCRIMINACIÓN
FAIRNESS.VICE,DESHONESTO
FAIRNESS.VICE,DESHONESTIDAD
FAIRNESS.VICE,DISPARIDAD
FAIRNESS.VICE,DESPROPORCIÓN
FAIRNESS.VICE,DESPROPORCIONADO
FAIRNESS.VICE,DESPROPORCIONADAMENTE
FAIRNESS.VICE,DESPROPORCIONADO
FAIRNESS.VICE,DESPROPORCIONES
FAIRNESS.VICE,DESCONFIANZA
FAIRNESS.VICE,DESCONFIADO
FAIRNESS.VICE,DESCONFIADO
FAIRNESS.VICE,DESCONFIANDO
FAIRNESS.VICE,DESCONFIANZAS
FAIRNESS.VICE,TRAICIONADO
FAIRNESS.VICE,ENGAÑADO
FAIRNESS.VICE,ENGAÑADOS
FAIRNESS.VICE,ENGAÑO
FAIRNESS.VICE,DUPLICITO
FAIRNESS.VICE,EXPLOTAR
FAIRNESS.VICE,EXPLOTACIÓN
FAIRNESS.VICE,EXPLOTADO
FAIRNESS.VICE,EXPLOTAR
FAIRNESS.VICE,EXPLOTADORES
FAIRNESS.VICE,EXPLOTANDO
FAIRNESS.VICE,EXPLOTACIONES
FAIRNESS.VICE,FALSO_ANUNCIO
FAIRNESS.VICE,FALSO_ANUNCIADO
FAIRNESS.VICE,FALSO_ANUNCIO
FAIRNESS.VICE,FALSO_ANUNCIANTE
FAIRNESS.VICE,FALSOS_ANUNCIANTES
FAIRNESS.VICE,FALSA_IMPRESIÓN
FAIRNESS.VICE,FALSAS_IMPRESIONES
FAIRNESS.VICE,FAVORITISMO
FAIRNESS.VICE,DESPLAZADO
FAIRNESS.VICE,DESPLUMANDO
FAIRNESS.VICE,FRAUDE
FAIRNESS.VICE,FRAUDES
FAIRNESS.VICE,FRAUDULENT
FAIRNESS.VICE,GOZOSO
FAIRNESS.VICE,GOZOS
FAIRNESS.VICE,GORRÓN
FAIRNESS.VICE,GORRONES
FAIRNESS.VICE,GORRÓN
FAIRNESS.VICE,REGRESAR
FAIRNESS.VICE,ENGAÑO
FAIRNESS.VICE,ENGAÑADO
FAIRNESS.VICE,ENGAÑO
FAIRNESS.VICE,ENGAÑO
FAIRNESS.VICE,HIPOCRESÍA
FAIRNESS.VICE,HIPÓCRITA
FAIRNESS.VICE,HIPÓCRITAS
FAIRNESS.VICE,DESEQUILIBRIO
FAIRNESS.VICE,DESEQUILIBRADO
FAIRNESS.VICE,DESEQUILIBRIOS
FAIRNESS.VICE,IMPOSTOR
FAIRNESS.VICE,IMPOSTORES
FAIRNESS.VICE,DESIGUALDADES
FAIRNESS.VICE,DESIGUALDAD
FAIRNESS.VICE,DESIGUALDADES
FAIRNESS.VICE,INEQUIDAD
FAIRNESS.VICE,INJUSTICIA
FAIRNESS.VICE,INJUSTICIAS
FAIRNESS.VICE,MENTIROSO
FAIRNESS.VICE,MENTIROSOS
FAIRNESS.VICE,MINTIÓ
FAIRNESS.VICE,MINTIENDO
FAIRNESS.VICE,ENGAÑAR
FAIRNESS.VICE,ENGAÑADOR
FAIRNESS.VICE,ENGAÑADORES
FAIRNESS.VICE,ENGAÑOSO
FAIRNESS.VICE,ENGAÑOSAMENTE
FAIRNESS.VICE,ENGAÑA
FAIRNESS.VICE,MOOC
FAIRNESS.VICE,MOOCHERADO
FAIRNESS.VICE,GORRÓN
FAIRNESS.VICE,GORRONES
FAIRNESS.VICE,MOOCHES
FAIRNESS.VICE,GORRÓN
FAIRNESS.VICE,OPRIMIR
FAIRNESS.VICE,OPRESIÓN
FAIRNESS.VICE,PARCIALIDAD
FAIRNESS.VICE,CARTERISTA
FAIRNESS.VICE,CARTERISTA
FAIRNESS.VICE,CARTERISMO
FAIRNESS.VICE,CARTERISTAS
FAIRNESS.VICE,PLAGIO
FAIRNESS.VICE,PLAGIO
FAIRNESS.VICE,PREJUICIO
FAIRNESS.VICE,PREJUICIOSO
FAIRNESS.VICE,PREJUICIOS
FAIRNESS.VICE,RACISMO
FAIRNESS.VICE,RACISTA
FAIRNESS.VICE,RACISTAS
FAIRNESS.VICE,ESTAFA
FAIRNESS.VICE,ESTAFAS
FAIRNESS.VICE,ESTAFADO
FAIRNESS.VICE,ESTAFA
FAIRNESS.VICE,DESCONEXIONES
FAIRNESS.VICE,ROBADO
FAIRNESS.VICE,LADRÓN
FAIRNESS.VICE,LADRONES
FAIRNESS.VICE,ROBANDO
FAIRNESS.VICE,ROBOS
FAIRNESS.VICE,ESTAFA
FAIRNESS.VICE,ESTAFADO
FAIRNESS.VICE,ESTAFADOR
FAIRNESS.VICE,ESTAFADORES
FAIRNESS.VICE,ESTAFA
FAIRNESS.VICE,ESTAFAS
FAIRNESS.VICE,SEGREGAR
FAIRNESS.VICE,SEGREGADO
FAIRNESS.VICE,SEGREGA
FAIRNESS.VICE,SEGREGANDO
FAIRNESS.VICE,SEGREGACIÓN
FAIRNESS.VICE,SEXISMO
FAIRNESS.VICE,SEXISTA
FAIRNESS.VICE,SEXISTAS
FAIRNESS.VICE,FRAUDULENTO
FAIRNESS.VICE,ESTAFADORES
FAIRNESS.VICE,ROBAR
FAIRNESS.VICE,ROBAR
FAIRNESS.VICE,ROBOS
FAIRNESS.VICE,ROBÓ
FAIRNESS.VICE,ROBADO
FAIRNESS.VICE,ENGAÑADO
FAIRNESS.VICE,ESTAFA
FAIRNESS.VICE,ESTAFADO
FAIRNESS.VICE,ESTAFADOR
FAIRNESS.VICE,ESTAFADORES
FAIRNESS.VICE,ESTAFAS
FAIRNESS.VICE,ESTAFA
FAIRNESS.VICE,APROVECHANDO
FAIRNESS.VICE,ROBO
FAIRNESS.VICE,LADRÓN
FAIRNESS.VICE,LADRONES
FAIRNESS.VICE,ROBO
FAIRNESS.VICE,ENGAÑADO
FAIRNESS.VICE,ENGAÑANDO
FAIRNESS.VICE,EMBAUCADOR
FAIRNESS.VICE,DESIGUAL
FAIRNESS.VICE,INIGUALABLE
FAIRNESS.VICE,INJUSTO
FAIRNESS.VICE,INJUSTICIA
FAIRNESS.VICE,INJUSTO
FAIRNESS.VICE,ROBARÁ
LOYALTY.VIRTUE,LEALTAD
LOYALTY.VIRTUE,LEALTAD
LOYALTY.VIRTUE,LEAL
LOYALTY.VIRTUE,ALIADOS
LOYALTY.VIRTUE,ALIADOS
LOYALTY.VIRTUE,ALIADO
LOYALTY.VIRTUE,PERTENECER
LOYALTY.VIRTUE,PERTENECÍA
LOYALTY.VIRTUE,PERTENENCIA
LOYALTY.VIRTUE,PERTENECE
LOYALTY.VIRTUE,INCLINADO
LOYALTY.VIRTUE,CAMARADERÍA
LOYALTY.VIRTUE,CLAN
LOYALTY.VIRTUE,CLANES
LOYALTY.VIRTUE,CAMARILLAS
LOYALTY.VIRTUE,COALICIÓN
LOYALTY.VIRTUE,COALICIONES
LOYALTY.VIRTUE,COHORTE
LOYALTY.VIRTUE,COHORTES
LOYALTY.VIRTUE,COLECTIVO
LOYALTY.VIRTUE,COLECTIVAMENTE
LOYALTY.VIRTUE,COLECTIVOS
LOYALTY.VIRTUE,COMUNA
LOYALTY.VIRTUE,COMUNAS
LOYALTY.VIRTUE,COMUNIÓN
LOYALTY.VIRTUE,COMUNIDADES
LOYALTY.VIRTUE,COMUNIDAD
LOYALTY.VIRTUE,EMPRESAS
LOYALTY.VIRTUE,COMPAÑERO
LOYALTY.VIRTUE,COMPAÑEROS
LOYALTY.VIRTUE,COMPAÑÍA
LOYALTY.VIRTUE,COMPAÑERISMOS
LOYALTY.VIRTUE,COMPAÑÍA
LOYALTY.VIRTUE,CAMARADA
LOYALTY.VIRTUE,CAMARADERÍA
LOYALTY.VIRTUE,CAMARADAS
LOYALTY.VIRTUE,CONGREGARSE
LOYALTY.VIRTUE,CONGREGADOS
LOYALTY.VIRTUE,CONGREGANDO
LOYALTY.VIRTUE,CONGREGACIÓN
LOYALTY.VIRTUE,CONGREGACIONES
LOYALTY.VIRTUE,CUERPO
LOYALTY.VIRTUE,PAÍSES
LOYALTY.VIRTUE,PAÍS
LOYALTY.VIRTUE,CULT
LOYALTY.VIRTUE,SECTAS
LOYALTY.VIRTUE,ALISTARSE
LOYALTY.VIRTUE,ALISTADO
LOYALTY.VIRTUE,ALISTARSE
LOYALTY.VIRTUE,ALISTAMIENTO
LOYALTY.VIRTUE,FACCIÓN
LOYALTY.VIRTUE,FACCIONES
LOYALTY.VIRTUE,FAMILIAR
LOYALTY.VIRTUE,FAMILIARIDADES
LOYALTY.VIRTUE,FAMILIARIDAD
LOYALTY.VIRTUE,FAMILIAS
LOYALTY.VIRTUE,FAMILIA
LOYALTY.VIRTUE,COMPAÑERO
LOYALTY.VIRTUE,BECARIOS
LOYALTY.VIRTUE,COMPAÑÍA
LOYALTY.VIRTUE,BECAS
LOYALTY.VIRTUE,FIDELIDAD
LOYALTY.VIRTUE,SEGUIDOR
LOYALTY.VIRTUE,SEGUIDORES
LOYALTY.VIRTUE,GRUPO
LOYALTY.VIRTUE,AGRUPADO
LOYALTY.VIRTUE,AGRUPACIÓN
LOYALTY.VIRTUE,GRUPOS
LOYALTY.VIRTUE,NOVATADAS
LOYALTY.VIRTUE,NOVATADAS
LOYALTY.VIRTUE,REBAÑO
LOYALTY.VIRTUE,ARRODILLADO
LOYALTY.VIRTUE,PASTOR
LOYALTY.VIRTUE,PASTORES
LOYALTY.VIRTUE,PASTOREO
LOYALTY.VIRTUE,MANADAS
LOYALTY.VIRTUE,PATRIA
LOYALTY.VIRTUE,PATRIAS
LOYALTY.VIRTUE,HORDA
LOYALTY.VIRTUE,HORDAS
LOYALTY.VIRTUE,INDIVISIBLE
LOYALTY.VIRTUE,INGRUP
LOYALTY.VIRTUE,UNIÉNDOSE
LOYALTY.VIRTUE,FAMILIARES
LOYALTY.VIRTUE,PARENTESCO
LOYALTY.VIRTUE,LEAL
LOYALTY.VIRTUE,LEALTAD
LOYALTY.VIRTUE,LEALTAD
LOYALTY.VIRTUE,NACIÓN
LOYALTY.VIRTUE,NACIONES
LOYALTY.VIRTUE,ORGANIZACIÓN
LOYALTY.VIRTUE,ORGANIZACIONES
LOYALTY.VIRTUE,PATRIOTA
LOYALTY.VIRTUE,PATRIOTAS
LOYALTY.VIRTUE,JUGADOR
LOYALTY.VIRTUE,PROMESA
LOYALTY.VIRTUE,COMPROMETIDO
LOYALTY.VIRTUE,PROMETEDOR
LOYALTY.VIRTUE,COMPROMISOS
LOYALTY.VIRTUE,COMPROMISOS
LOYALTY.VIRTUE,COMPROMISO
LOYALTY.VIRTUE,SACRIFICIO
LOYALTY.VIRTUE,SACRIFICADO
LOYALTY.VIRTUE,SACRIFICIOS
LOYALTY.VIRTUE,SACRIFICIO
LOYALTY.VIRTUE,SACRIFICANDO
LOYALTY.VIRTUE,SECTA
LOYALTY.VIRTUE,SECTAS
LOYALTY.VIRTUE,SOLIDARIDADES
LOYALTY.VIRTUE,SOLIDARIDAD
LOYALTY.VIRTUE,JUNTOS
LOYALTY.VIRTUE,TRIBALES
LOYALTY.VIRTUE,TRIBALISMO
LOYALTY.VIRTUE,TRIBU
LOYALTY.VIRTUE,TRIBUS
LOYALTY.VIRTUE,TROPA
LOYALTY.VIRTUE,SOLDADO
LOYALTY.VIRTUE,SOLDADOS
LOYALTY.VIRTUE,TROPAS
LOYALTY.VIRTUE,COMPAÑÍA
LOYALTY.VIRTUE,TROPAS
LOYALTY.VIRTUE,INDIVIDIDO
LOYALTY.VIRTUE,UNIRSE
LOYALTY.VIRTUE,UNIDO
LOYALTY.VIRTUE,UNIRSE
LOYALTY.VIRTUE,UNITADORES
LOYALTY.VIRTUE,UNE
LOYALTY.VIRTUE,UNIENDO
LOYALTY.VIRTUE,UNIDAD
LOYALTY.VIRTUE,GUERRA
LOYALTY.VIRTUE,ESPOSA
LOYALTY.VICE,APÓSTATA
LOYALTY.VICE,APÓSTATAS
LOYALTY.VICE,TRAIDOR
LOYALTY.VICE,TRAIDORES
LOYALTY.VICE,TRAICIONAR
LOYALTY.VICE,TRAICIONADO
LOYALTY.VICE,TRAIDOR
LOYALTY.VICE,TRAIDORES
LOYALTY.VICE,TRAICIONANDO
LOYALTY.VICE,TRAICIONA
LOYALTY.VICE,ENGAÑAR
LOYALTY.VICE,ENGAÑADO
LOYALTY.VICE,TRAMPAS_ACTIVADAS
LOYALTY.VICE,DESERTOR
LOYALTY.VICE,DESERTOROS
LOYALTY.VICE,DESERTANDO
LOYALTY.VICE,DESERCIÓN
LOYALTY.VICE,DESLEAL
LOYALTY.VICE,ENEMIGOS
LOYALTY.VICE,ENEMIGO
LOYALTY.VICE,HEREJÍAS
LOYALTY.VICE,HEREJÍA
LOYALTY.VICE,HEREJE
LOYALTY.VICE,HEREJES
LOYALTY.VICE,INFIEL
LOYALTY.VICE,INFIDELIDAD
LOYALTY.VICE,INFIELES
LOYALTY.VICE,EXOGRUPO
LOYALTY.VICE,FORASTERO
LOYALTY.VICE,FORASTEROS
LOYALTY.VICE,REBEL
LOYALTY.VICE,REBELIÓN
LOYALTY.VICE,REBELIONES
LOYALTY.VICE,REBELDES
LOYALTY.VICE,TRAIDOR
LOYALTY.VICE,TRAIDORES
LOYALTY.VICE,TRAICIONERO
LOYALTY.VICE,TRAICIÓN
LOYALTY.VICE,TRAICIÓN
LOYALTY.VICE,INFIEL
LOYALTY.VICE,INFIDELIDAD
LOYALTY.VICE,ANTIPATRIÓTICO
AUTHORITY.VIRTUE,ACEPTAR
AUTHORITY.VIRTUE,CONSENTIDO
AUTHORITY.VIRTUE,TRANQUILO
AUTHORITY.VIRTUE,ACEPTAMOS
AUTHORITY.VIRTUE,ADHERIRSE
AUTHORITY.VIRTUE,ADHERIDO
AUTHORITY.VIRTUE,ADHERENCIA
AUTHORITY.VIRTUE,ADHERENCIA
AUTHORITY.VIRTUE,ALMIRANTE
AUTHORITY.VIRTUE,ALMIRANTES
AUTHORITY.VIRTUE,LEALTAD
AUTHORITY.VIRTUE,LEALTAD
AUTHORITY.VIRTUE,LEAL
AUTHORITY.VIRTUE,ARRESTO
AUTHORITY.VIRTUE,ARRESTADO
AUTHORITY.VIRTUE,ARRESTO
AUTHORITY.VIRTUE,ARRESTOS
AUTHORITY.VIRTUE,AUTORIDADES
AUTHORITY.VIRTUE,AUTORIDAD
AUTHORITY.VIRTUE,AUTORIZAR
AUTHORITY.VIRTUE,AUTORIZADO
AUTHORITY.VIRTUE,AUTORIZADOR
AUTHORITY.VIRTUE,AUTORIZA
AUTHORITY.VIRTUE,AUTORIZANDO
AUTHORITY.VIRTUE,OBISPO
AUTHORITY.VIRTUE,OBISPOS
AUTHORITY.VIRTUE,JEFE
AUTHORITY.VIRTUE,JEFEADO
AUTHORITY.VIRTUE,JEFES
AUTHORITY.VIRTUE,MANDAMIENTO
AUTHORITY.VIRTUE,ARCO_ANTES
AUTHORITY.VIRTUE,REVERENCIA
AUTHORITY.VIRTUE,INCLINADO
AUTHORITY.VIRTUE,INCLINACIÓN
AUTHORITY.VIRTUE,ACOSADO
AUTHORITY.VIRTUE,ACOSADORES
AUTHORITY.VIRTUE,MATÓN
AUTHORITY.VIRTUE,ACOSO
AUTHORITY.VIRTUE,ACOSADORES
AUTHORITY.VIRTUE,CAPITÁN
AUTHORITY.VIRTUE,CAPITÁN
AUTHORITY.VIRTUE,CAPITÁN
AUTHORITY.VIRTUE,CAPITANES
AUTHORITY.VIRTUE,CASTA
AUTHORITY.VIRTUE,CASTAS
AUTHORITY.VIRTUE,JEFE
AUTHORITY.VIRTUE,JEFES
AUTHORITY.VIRTUE,JEFE
AUTHORITY.VIRTUE,COACCIONAR
AUTHORITY.VIRTUE,COACCIONADO
AUTHORITY.VIRTUE,CHEQUES
AUTHORITY.VIRTUE,COACCIÓN
AUTHORITY.VIRTUE,COERCIÓN
AUTHORITY.VIRTUE,DOMINIO
AUTHORITY.VIRTUE,COMANDANTE
AUTHORITY.VIRTUE,ORDENADO
AUTHORITY.VIRTUE,COMANDANTE
AUTHORITY.VIRTUE,COMANDANTES
AUTHORITY.VIRTUE,MANDAMIENTO
AUTHORITY.VIRTUE,MANDAMIENTOS
AUTHORITY.VIRTUE,COMANDOS
AUTHORITY.VIRTUE,CUMPLIMIENTO
AUTHORITY.VIRTUE,CUMPLE
AUTHORITY.VIRTUE,CUMPLIR
AUTHORITY.VIRTUE,CONTROL
AUTHORITY.VIRTUE,CONTROLADO
AUTHORITY.VIRTUE,CONTROLADOR
AUTHORITY.VIRTUE,CONTROLADORES
AUTHORITY.VIRTUE,CONTROLANDO
AUTHORITY.VIRTUE,CONTROLES
AUTHORITY.VIRTUE,PACTO
AUTHORITY.VIRTUE,PACTOS
AUTHORITY.VIRTUE,DECANO
AUTHORITY.VIRTUE,DECRETO
AUTHORITY.VIRTUE,DECRETO
AUTHORITY.VIRTUE,DECRETOS
AUTHORITY.VIRTUE,DEFERENCIA
AUTHORITY.VIRTUE,DEFERENCIAL
AUTHORITY.VIRTUE,DICTAR
AUTHORITY.VIRTUE,DICTADAS
AUTHORITY.VIRTUE,DICTADOS
AUTHORITY.VIRTUE,DICTAR
AUTHORITY.VIRTUE,DICTADO
AUTHORITY.VIRTUE,DICTADOR
AUTHORITY.VIRTUE,DICTADORES
AUTHORITY.VIRTUE,DOMINANTE
AUTHORITY.VIRTUE,DOMINAR
AUTHORITY.VIRTUE,DOMINADO
AUTHORITY.VIRTUE,DOMINA
AUTHORITY.VIRTUE,DOMINANDO
AUTHORITY.VIRTUE,DOMINIO
AUTHORITY.VIRTUE,DOMINIOS
AUTHORITY.VIRTUE,DEBERES
AUTHORITY.VIRTUE,OBLIGATORIO
AUTHORITY.VIRTUE,DEBER
AUTHORITY.VIRTUE,MAYOR
AUTHORITY.VIRTUE,ANCIANO
AUTHORITY.VIRTUE,ANCIANOS
AUTHORITY.VIRTUE,EMPERADOR
AUTHORITY.VIRTUE,EMPERADORES
AUTHORITY.VIRTUE,IMPERIO
AUTHORITY.VIRTUE,IMPERIOS
AUTHORITY.VIRTUE,PADRE
AUTHORITY.VIRTUE,ENGENDRADO
AUTHORITY.VIRTUE,PATERNIDAD
AUTHORITY.VIRTUE,PADRES
AUTHORITY.VIRTUE,PROHIBIDO
AUTHORITY.VIRTUE,PROHIBIR
AUTHORITY.VIRTUE,PROHIBIDO
AUTHORITY.VIRTUE,PROHIBIDAMENTE
AUTHORITY.VIRTUE,PROHÍBE
AUTHORITY.VIRTUE,GOBERNAR
AUTHORITY.VIRTUE,GOBERNADO
AUTHORITY.VIRTUE,INSTITUTRIZ
AUTHORITY.VIRTUE,GOBERNANTE
AUTHORITY.VIRTUE,GOBERNADOR
AUTHORITY.VIRTUE,GOBERNADORES
AUTHORITY.VIRTUE,GOBIERNA
AUTHORITY.VIRTUE,GUÍA
AUTHORITY.VIRTUE,GUÍAS
AUTHORITY.VIRTUE,GUÍA
AUTHORITY.VIRTUE,JEFE
AUTHORITY.VIRTUE,JERÁRQUICO
AUTHORITY.VIRTUE,JERARQUÍAS
AUTHORITY.VIRTUE,JERARQUÍA
AUTHORITY.VIRTUE,HONOR
AUTHORITY.VIRTUE,HONORABLE
AUTHORITY.VIRTUE,HONRADO
AUTHORITY.VIRTUE,HONORANDO
AUTHORITY.VIRTUE,HONORES
AUTHORITY.VIRTUE,INSTITUCIÓN
AUTHORITY.VIRTUE,INSTITUCIONAL
AUTHORITY.VIRTUE,INSTITUCIONES
AUTHORITY.VIRTUE,LÍDER
AUTHORITY.VIRTUE,LÍDERES
AUTHORITY.VIRTUE,LIDERAZGO
AUTHORITY.VIRTUE,LEONIZAR
AUTHORITY.VIRTUE,ENALTECE
AUTHORITY.VIRTUE,ENALTECIENDO
AUTHORITY.VIRTUE,SEÑORADO
AUTHORITY.VIRTUE,GERENTE
AUTHORITY.VIRTUE,GERENCIAL
AUTHORITY.VIRTUE,GERENTES
AUTHORITY.VIRTUE,MAESTRO
AUTHORITY.VIRTUE,MATRIARCA
AUTHORITY.VIRTUE,MATRIARCAL
AUTHORITY.VIRTUE,MATRIARCAS
AUTHORITY.VIRTUE,MATRIARQUEO
AUTHORITY.VIRTUE,MENTOR
AUTHORITY.VIRTUE,MENTORIZADO
AUTHORITY.VIRTUE,MENTORÍA
AUTHORITY.VIRTUE,MENTORES
AUTHORITY.VIRTUE,MONARCA
AUTHORITY.VIRTUE,MONÁRQUICO
AUTHORITY.VIRTUE,MONARQUÍAS
AUTHORITY.VIRTUE,MONARCAS
AUTHORITY.VIRTUE,MONARQUÍA
AUTHORITY.VIRTUE,NOBLEZA
AUTHORITY.VIRTUE,NOBLE
AUTHORITY.VIRTUE,NOBLES
AUTHORITY.VIRTUE,OBEDIENCIA
AUTHORITY.VIRTUE,OBEDIENTE
AUTHORITY.VIRTUE,OBEDIENTEMENTE
AUTHORITY.VIRTUE,CUMPLIR
AUTHORITY.VIRTUE,OBEDECIÓ
AUTHORITY.VIRTUE,OBEDECER
AUTHORITY.VIRTUE,OBEDECE
AUTHORITY.VIRTUE,OLIGARCA
AUTHORITY.VIRTUE,OLIGARQUÍAS
AUTHORITY.VIRTUE,OLIGARCAS
AUTHORITY.VIRTUE,OLIGARQUÍA
AUTHORITY.VIRTUE,OPRIMIR
AUTHORITY.VIRTUE,ORDEN
AUTHORITY.VIRTUE,ORDENADO
AUTHORITY.VIRTUE,PEDIDOS
AUTHORITY.VIRTUE,PATRIARCA
AUTHORITY.VIRTUE,PATRIARCAS
AUTHORITY.VIRTUE,PATRIARCADO
AUTHORITY.VIRTUE,PERMISO
AUTHORITY.VIRTUE,PERMISO
AUTHORITY.VIRTUE,PERMISOS
AUTHORITY.VIRTUE,POLICÍA
AUTHORITY.VIRTUE,POLICÍA
AUTHORITY.VIRTUE,EDUCADO
AUTHORITY.VIRTUE,CORTESÍA
AUTHORITY.VIRTUE,PAPA
AUTHORITY.VIRTUE,PRESIDENCIA
AUTHORITY.VIRTUE,PRESIDENTE
AUTHORITY.VIRTUE,PRESIDENCIAL
AUTHORITY.VIRTUE,PRESIDENTES
AUTHORITY.VIRTUE,PRINCIPAL
AUTHORITY.VIRTUE,DIRECTORES
AUTHORITY.VIRTUE,ADECUADO
AUTHORITY.VIRTUE,PROTEGER
AUTHORITY.VIRTUE,PROTEGIDO
AUTHORITY.VIRTUE,PROTEGIENDO
AUTHORITY.VIRTUE,PROTECCIÓN
AUTHORITY.VIRTUE,PROTECTOR
AUTHORITY.VIRTUE,PROTECTORES
AUTHORITY.VIRTUE,PROTEGE
AUTHORITY.VIRTUE,CASTIGAR
AUTHORITY.VIRTUE,CASTIGADO
AUTHORITY.VIRTUE,CASTIGADOR
AUTHORITY.VIRTUE,CASTIGADORES
AUTHORITY.VIRTUE,CASTIGA
AUTHORITY.VIRTUE,CASTIGANDO
AUTHORITY.VIRTUE,CASTIGADORAMENTE
AUTHORITY.VIRTUE,CASTIGO
AUTHORITY.VIRTUE,CASTIGOS
AUTHORITY.VIRTUE,PUNITIVO
AUTHORITY.VIRTUE,REINA
AUTHORITY.VIRTUE,REINAS
AUTHORITY.VIRTUE,RANGO
AUTHORITY.VIRTUE,CLASIFICADO
AUTHORITY.VIRTUE,CLASIFICACIÓN
AUTHORITY.VIRTUE,RANGOS
AUTHORITY.VIRTUE,REGLAMENTO
AUTHORITY.VIRTUE,REGLAMENTOS
AUTHORITY.VIRTUE,RESPETO
AUTHORITY.VIRTUE,RESPETADO
AUTHORITY.VIRTUE,RESPETUOSO
AUTHORITY.VIRTUE,RESPETUOSAMENTE
AUTHORITY.VIRTUE,RESPETO
AUTHORITY.VIRTUE,RESPETOS
AUTHORITY.VIRTUE,REVERENCIA
AUTHORITY.VIRTUE,REVERENDO
AUTHORITY.VIRTUE,REVERENCIA
AUTHORITY.VIRTUE,REVERENCIAL
AUTHORITY.VIRTUE,REVERENCIA
AUTHORITY.VIRTUE,CABEZA
AUTHORITY.VIRTUE,CABEZAS
AUTHORITY.VIRTUE,SENTENCIA
AUTHORITY.VIRTUE,SIRVIENTE
AUTHORITY.VIRTUE,SIRVIENTES
AUTHORITY.VIRTUE,ESCLAVO
AUTHORITY.VIRTUE,ESCLAVIZADO
AUTHORITY.VIRTUE,ESCLAVOS
AUTHORITY.VIRTUE,ESCLAVITUD
AUTHORITY.VIRTUE,SERVIDUMBREMENTE
AUTHORITY.VIRTUE,ESTATURA
AUTHORITY.VIRTUE,ENVÍO
AUTHORITY.VIRTUE,ENVÍOS
AUTHORITY.VIRTUE,ENTREGAR
AUTHORITY.VIRTUE,ENVÍOS
AUTHORITY.VIRTUE,ENVIADO
AUTHORITY.VIRTUE,ENTREGAR
AUTHORITY.VIRTUE,PRESENTADORES
AUTHORITY.VIRTUE,ENVIANDO
AUTHORITY.VIRTUE,SUBORDINADO
AUTHORITY.VIRTUE,SUBORDINADO
AUTHORITY.VIRTUE,SUBORDINADOS
AUTHORITY.VIRTUE,SUBORDINANDO
AUTHORITY.VIRTUE,SUBORDINACIÓN
AUTHORITY.VIRTUE,SUPERVISAR
AUTHORITY.VIRTUE,SUPERVISADO
AUTHORITY.VIRTUE,SUPERVISAR
AUTHORITY.VIRTUE,SUPERVISORES
AUTHORITY.VIRTUE,SUPERVISA
AUTHORITY.VIRTUE,SUPERVISIÓN
AUTHORITY.VIRTUE,SUPERVISIÓN
AUTHORITY.VIRTUE,TOMAR_ÓRDENES
AUTHORITY.VIRTUE,TOP_DOG
AUTHORITY.VIRTUE,TRADICIÓN
AUTHORITY.VIRTUE,TRADICIONAL
AUTHORITY.VIRTUE,TRAIDOR
AUTHORITY.VIRTUE,TRAIDORES
AUTHORITY.VIRTUE,SUBORDINADO
AUTHORITY.VIRTUE,SUBORDINADOS
AUTHORITY.VIRTUE,VENERAR
AUTHORITY.VIRTUE,VENERADO
AUTHORITY.VIRTUE,VENERA
AUTHORITY.VIRTUE,VENERANDO
AUTHORITY.VIRTUE,VENERACIÓN
AUTHORITY.VIRTUE,VICEPRESIDENTE
AUTHORITY.VIRTUE,DESEOSO
AUTHORITY.VIRTUE,CULTO
AUTHORITY.VIRTUE,ADORACIONES
AUTHORITY.VICE,ANARQUISTA
AUTHORITY.VICE,ANARQUISTA
AUTHORITY.VICE,ANARQUISTAS
AUTHORITY.VICE,ANARQUÍA
AUTHORITY.VICE,APÓSTATA
AUTHORITY.VICE,APÓSTATAS
AUTHORITY.VICE,CAOS
AUTHORITY.VICE,CAOS
AUTHORITY.VICE,CAÓTICO
AUTHORITY.VICE,CAÓTICAMENTE
AUTHORITY.VICE,DESORDEN
AUTHORITY.VICE,DESORDENADO
AUTHORITY.VICE,DESHONOR
AUTHORITY.VICE,DESHONORABLE
AUTHORITY.VICE,DESHONORADO
AUTHORITY.VICE,DESHONRAR
AUTHORITY.VICE,DESHONRAS
AUTHORITY.VICE,DESHONRAR
AUTHORITY.VICE,DESHONRAS
AUTHORITY.VICE,DESOBEDIENCIA
AUTHORITY.VICE,DESOBEDIENTES
AUTHORITY.VICE,DESOBEDECER
AUTHORITY.VICE,TRASTORNO
AUTHORITY.VICE,DESORDENADO
AUTHORITY.VICE,TRASTORNO
AUTHORITY.VICE,IRREPETIDO
AUTHORITY.VICE,DISENSIÓN
AUTHORITY.VICE,DISIDENCIA
AUTHORITY.VICE,DISENTIDO
AUTHORITY.VICE,DISIDENTE
AUTHORITY.VICE,DISIDENTES
AUTHORITY.VICE,DISIDENTE
AUTHORITY.VICE,DISIDENCIAS
AUTHORITY.VICE,DISIDENTE
AUTHORITY.VICE,DISIDENTES
AUTHORITY.VICE,HEREJÍAS
AUTHORITY.VICE,HEREJÍA
AUTHORITY.VICE,HEREJE
AUTHORITY.VICE,HERÉTICO
AUTHORITY.VICE,HEREJES
AUTHORITY.VICE,ILEGAL
AUTHORITY.VICE,ILEGALIDAD
AUTHORITY.VICE,ILEGALES
AUTHORITY.VICE,MALEDUCADO
AUTHORITY.VICE,INSUBORDINADO
AUTHORITY.VICE,INSURRECCIÓN
AUTHORITY.VICE,INSURRECCIONAL
AUTHORITY.VICE,INSURRECCIONISTA
AUTHORITY.VICE,INSURRECCIONES
AUTHORITY.VICE,ANOCHECER
AUTHORITY.VICE,AMOTINADO
AUTHORITY.VICE,MOTINES
AUTHORITY.VICE,MUTINOUS
AUTHORITY.VICE,MOTÍN
AUTHORITY.VICE,INCONFORMISTA
AUTHORITY.VICE,INCONFORMISTAS
AUTHORITY.VICE,PEDIDOS
AUTHORITY.VICE,DOMINAR
AUTHORITY.VICE,DOMINADO
AUTHORITY.VICE,ABRUMADOR
AUTHORITY.VICE,DOMINA
AUTHORITY.VICE,DERROCÓ
AUTHORITY.VICE,DERROCAR
AUTHORITY.VICE,DERROCAMIENTO
AUTHORITY.VICE,DERROCADO
AUTHORITY.VICE,DERROTAS
AUTHORITY.VICE,PANDEMONIO
AUTHORITY.VICE,PERMISIVO
AUTHORITY.VICE,PERMISIVIDAD
AUTHORITY.VICE,AGITADOR
AUTHORITY.VICE,AGITADORES
AUTHORITY.VICE,LEVANTA_EL_INFIERNO
AUTHORITY.VICE,ARRASANDO_EL_INFIERNO
AUTHORITY.VICE,REBEL
AUTHORITY.VICE,REBELADO
AUTHORITY.VICE,REBELÁNDOSE
AUTHORITY.VICE,REBELIÓN
AUTHORITY.VICE,REBELIONES
AUTHORITY.VICE,REBELDES
AUTHORITY.VICE,RECHAZAR
AUTHORITY.VICE,RECHAZADO
AUTHORITY.VICE,RECHAZAR
AUTHORITY.VICE,NEGATIVOS
AUTHORITY.VICE,NEGANDO
AUTHORITY.VICE,RENEGADO
AUTHORITY.VICE,RENEGADOS
AUTHORITY.VICE,DISTURBIO
AUTHORITY.VICE,DISTURBIOS
AUTHORITY.VICE,ALBOROTADOR
AUTHORITY.VICE,ALBOROTADORES
AUTHORITY.VICE,DISTURBIOS
AUTHORITY.VICE,DISTURBIOS
AUTHORITY.VICE,SEDICIÓN
AUTHORITY.VICE,SUBVERSIÓN
AUTHORITY.VICE,SUBVERT
AUTHORITY.VICE,SUBVERTIDO
AUTHORITY.VICE,SUBVERTIR
AUTHORITY.VICE,SUBVIERTE
AUTHORITY.VICE,TRADICIONES
AUTHORITY.VICE,TRANSGRESAR
AUTHORITY.VICE,TRANSGREDADO
AUTHORITY.VICE,TRANSGRESIONES
AUTHORITY.VICE,TRANSGRESIÓN
AUTHORITY.VICE,TRANSGRESIÓN
AUTHORITY.VICE,TRAICIONERO
AUTHORITY.VICE,TRAICIÓN
AUTHORITY.VICE,TRAICIÓN
AUTHORITY.VICE,ALBOROTO
AUTHORITY.VICE,TUMULT
AUTHORITY.VICE,TUMULTUOSO
AUTHORITY.VICE,ILEGAL
AUTHORITY.VICE,ILEGALMENTE
AUTHORITY.VICE,ILEGALIDAD
AUTHORITY.VICE,REBELDE
AUTHORITY.VICE,LEVANTAMIENTO
AUTHORITY.VICE,LEVANTAMIENTOS
SANCTITY.VIRTUE,ABSTINENCIA
SANCTITY.VIRTUE,ABSTINENCIA
SANCTITY.VIRTUE,ALÁ
SANCTITY.VIRTUE,TODOPODEROSO
SANCTITY.VIRTUE,ÁNGEL
SANCTITY.VIRTUE,APÓSTOL
SANCTITY.VIRTUE,APÓSTOLES
SANCTITY.VIRTUE,EXPIACIÓN
SANCTITY.VIRTUE,EXPIADO
SANCTITY.VIRTUE,EXPIACIÓN
SANCTITY.VIRTUE,ATONES
SANCTITY.VIRTUE,EXPIACIÓN
SANCTITY.VIRTUE,BEATIFICACIÓN
SANCTITY.VIRTUE,BEATIFICAR
SANCTITY.VIRTUE,BEATIFICACIÓN
SANCTITY.VIRTUE,BIBLIA
SANCTITY.VIRTUE,BIBLIAS
SANCTITY.VIRTUE,BÍBLICO
SANCTITY.VIRTUE,BENDECIR
SANCTITY.VIRTUE,BENDECIDO
SANCTITY.VIRTUE,BENDICE
SANCTITY.VIRTUE,BENDICIÓN
SANCTITY.VIRTUE,BENDICIONES
SANCTITY.VIRTUE,SANGRE
SANCTITY.VIRTUE,SANGRE
SANCTITY.VIRTUE,SANGRIENTA
SANCTITY.VIRTUE,CUERPO
SANCTITY.VIRTUE,BUDA
SANCTITY.VIRTUE,BUDAS
SANCTITY.VIRTUE,BUDISTA
SANCTITY.VIRTUE,CATEDRAL
SANCTITY.VIRTUE,CATEDRALES
SANCTITY.VIRTUE,CATÓLICA
SANCTITY.VIRTUE,CATOLICISMO
SANCTITY.VIRTUE,CATÓLICOS
SANCTITY.VIRTUE,CELIBATO
SANCTITY.VIRTUE,CÉLIBE
SANCTITY.VIRTUE,CASTOS
SANCTITY.VIRTUE,CASTIDAD
SANCTITY.VIRTUE,CRISTO
SANCTITY.VIRTUE,CRISTIANO
SANCTITY.VIRTUE,CRISTIANOS
SANCTITY.VIRTUE,IGLESIA
SANCTITY.VIRTUE,IGLESIAS
SANCTITY.VIRTUE,LIMPIO
SANCTITY.VIRTUE,LIMPIADO
SANCTITY.VIRTUE,LIMPIADOR
SANCTITY.VIRTUE,LIMPIADORES
SANCTITY.VIRTUE,LIMPIEZA
SANCTITY.VIRTUE,LIMPIEZA
SANCTITY.VIRTUE,LIMPIA
SANCTITY.VIRTUE,COMUNIÓN
SANCTITY.VIRTUE,CONSAGRAR
SANCTITY.VIRTUE,CONSAGRADO
SANCTITY.VIRTUE,CONSAGRA
SANCTITY.VIRTUE,CONSAGRANDO
SANCTITY.VIRTUE,CONSAGRACIÓN
SANCTITY.VIRTUE,DECENCIA
SANCTITY.VIRTUE,DEIFICACIÓN
SANCTITY.VIRTUE,DEIFICAR
SANCTITY.VIRTUE,DEÍSMO
SANCTITY.VIRTUE,DEÍSTA
SANCTITY.VIRTUE,DEÍSTA
SANCTITY.VIRTUE,DEIDADES
SANCTITY.VIRTUE,DEIDAD
SANCTITY.VIRTUE,DEVOTO
SANCTITY.VIRTUE,DIGNO
SANCTITY.VIRTUE,DIGNIFICA
SANCTITY.VIRTUE,DIGNIFICAR
SANCTITY.VIRTUE,DIGNITIVO
SANCTITY.VIRTUE,DIGNIDADES
SANCTITY.VIRTUE,DIGNIDAD
SANCTITY.VIRTUE,DIVINO
SANCTITY.VIRTUE,DIVINIDADES
SANCTITY.VIRTUE,DIVINIDAD
SANCTITY.VIRTUE,ELEVANDO
SANCTITY.VIRTUE,CONSAGRAR
SANCTITY.VIRTUE,CONSAGRADO
SANCTITY.VIRTUE,CONSAGRA
SANCTITY.VIRTUE,CONSAGRACIÓN
SANCTITY.VIRTUE,ETERNO
SANCTITY.VIRTUE,ETERNAMENTE
SANCTITY.VIRTUE,EXALT
SANCTITY.VIRTUE,EXALTADO
SANCTITY.VIRTUE,EXALTANDO
SANCTITY.VIRTUE,EXALTA
SANCTITY.VIRTUE,EXTERMINAR
SANCTITY.VIRTUE,EXTERMINADO
SANCTITY.VIRTUE,EXTERMINA
SANCTITY.VIRTUE,EXTERMINANDO
SANCTITY.VIRTUE,EXTERMINIO
SANCTITY.VIRTUE,EXTERMINADOR
SANCTITY.VIRTUE,EXTERMINADORES
SANCTITY.VIRTUE,FE
SANCTITY.VIRTUE,FIEL
SANCTITY.VIRTUE,FIELMENTE
SANCTITY.VIRTUE,FIDEOS
SANCTITY.VIRTUE,ALIMENTO
SANCTITY.VIRTUE,ALIMENTOS
SANCTITY.VIRTUE,GLORIAS
SANCTITY.VIRTUE,GLORIOSO
SANCTITY.VIRTUE,GLORIOSAMENTE
SANCTITY.VIRTUE,GLORIA
SANCTITY.VIRTUE,DIOS
SANCTITY.VIRTUE,DIOSA
SANCTITY.VIRTUE,DIOSAS
SANCTITY.VIRTUE,PIEDAD
SANCTITY.VIRTUE,PIADOSO
SANCTITY.VIRTUE,DIOSES
SANCTITY.VIRTUE,EVANGELIO
SANCTITY.VIRTUE,EVANGELIOS
SANCTITY.VIRTUE,SAGRADO
SANCTITY.VIRTUE,SANTIFICADO
SANCTITY.VIRTUE,SANTIFICACIÓN
SANCTITY.VIRTUE,SAGRADAS
SANCTITY.VIRTUE,CIELO
SANCTITY.VIRTUE,CELESTIAL
SANCTITY.VIRTUE,CIELOS
SANCTITY.VIRTUE,MAYOR_PODER
SANCTITY.VIRTUE,SANTIDAD
SANCTITY.VIRTUE,SANTO
SANCTITY.VIRTUE,IMÁN
SANCTITY.VIRTUE,IMANES
SANCTITY.VIRTUE,INMACULADA
SANCTITY.VIRTUE,INMACULADAMENTE
SANCTITY.VIRTUE,INMUNE
SANCTITY.VIRTUE,INMUNIDADES
SANCTITY.VIRTUE,INMUNIDAD
SANCTITY.VIRTUE,JESÚS
SANCTITY.VIRTUE,CORÁN
SANCTITY.VIRTUE,CORÁNICO
SANCTITY.VIRTUE,CABALLERO
SANCTITY.VIRTUE,SEÑORES
SANCTITY.VIRTUE,CASAMIENTO
SANCTITY.VIRTUE,CASADO
SANCTITY.VIRTUE,MARRING
SANCTITY.VIRTUE,CASARSE
SANCTITY.VIRTUE,CASARSE
SANCTITY.VIRTUE,MARÍA
SANCTITY.VIRTUE,MODESTIA
SANCTITY.VIRTUE,MONASTERIOS
SANCTITY.VIRTUE,MONASTERIO
SANCTITY.VIRTUE,MONÁSTICO
SANCTITY.VIRTUE,MONACISMO
SANCTITY.VIRTUE,MONJE
SANCTITY.VIRTUE,MONJES
SANCTITY.VIRTUE,MEZQUITA
SANCTITY.VIRTUE,MEZQUITAS
SANCTITY.VIRTUE,NOBLEZA
SANCTITY.VIRTUE,NOBLE
SANCTITY.VIRTUE,NOBLES
SANCTITY.VIRTUE,MONJA
SANCTITY.VIRTUE,MONJAS
SANCTITY.VIRTUE,ORGÁNICO
SANCTITY.VIRTUE,ORGÁNICAMENTE
SANCTITY.VIRTUE,ORGÁNICOS
SANCTITY.VIRTUE,ORTODOXO
SANCTITY.VIRTUE,ORTODOXIAS
SANCTITY.VIRTUE,ORTODOXIA
SANCTITY.VIRTUE,PASTOR
SANCTITY.VIRTUE,PIEDAD
SANCTITY.VIRTUE,PIADOSO
SANCTITY.VIRTUE,PAPA
SANCTITY.VIRTUE,ORAR
SANCTITY.VIRTUE,ORÓ
SANCTITY.VIRTUE,ORACIÓN
SANCTITY.VIRTUE,ORACIONES
SANCTITY.VIRTUE,ORANDO
SANCTITY.VIRTUE,ORA
SANCTITY.VIRTUE,SACERDOTE
SANCTITY.VIRTUE,SACERDOTAL
SANCTITY.VIRTUE,SACERDOTES
SANCTITY.VIRTUE,PRÍSTINO
SANCTITY.VIRTUE,PROFETA
SANCTITY.VIRTUE,PROFÉTICO
SANCTITY.VIRTUE,PROFÉTICAMENTE
SANCTITY.VIRTUE,PROFETAS
SANCTITY.VIRTUE,MOJITA
SANCTITY.VIRTUE,PURO
SANCTITY.VIRTUE,PUREZA
SANCTITY.VIRTUE,PURIFICACIÓN
SANCTITY.VIRTUE,PURIFICADO
SANCTITY.VIRTUE,PURIFICADOR
SANCTITY.VIRTUE,PURIFICADORES
SANCTITY.VIRTUE,PURIFICA
SANCTITY.VIRTUE,PURIFICAR
SANCTITY.VIRTUE,PURIFICANTE
SANCTITY.VIRTUE,PUREZAS
SANCTITY.VIRTUE,PUREZA
SANCTITY.VIRTUE,RABBI
SANCTITY.VIRTUE,RABÍNICO
SANCTITY.VIRTUE,RABINOS
SANCTITY.VIRTUE,CRUDO
SANCTITY.VIRTUE,REFINAR
SANCTITY.VIRTUE,REFINADO
SANCTITY.VIRTUE,REFINAMIENTO
SANCTITY.VIRTUE,REFINA
SANCTITY.VIRTUE,REFINACIÓN
SANCTITY.VIRTUE,RELIGIÓN
SANCTITY.VIRTUE,RELIGIONES
SANCTITY.VIRTUE,RELIGIOSIDAD
SANCTITY.VIRTUE,RELIGIOSO
SANCTITY.VIRTUE,RELIGIOSAMENTE
SANCTITY.VIRTUE,ARREPENTIRSE
SANCTITY.VIRTUE,ARREPENTIDO
SANCTITY.VIRTUE,ARREPENTIMIENTO
SANCTITY.VIRTUE,REVEREND
SANCTITY.VIRTUE,JUSTO
SANCTITY.VIRTUE,JUSTICIA
SANCTITY.VIRTUE,SAGRADO
SANCTITY.VIRTUE,SACRALIDAD
SANCTITY.VIRTUE,SACROSANTO
SANCTITY.VIRTUE,SMO
SANCTITY.VIRTUE,SANTIDAD
SANCTITY.VIRTUE,SANTO
SANCTITY.VIRTUE,SANTOS
SANCTITY.VIRTUE,SANTIFICADO
SANCTITY.VIRTUE,SANTIFICA
SANCTITY.VIRTUE,SANTIFICAR
SANCTITY.VIRTUE,SANTIFICANDO
SANCTITY.VIRTUE,SANTIDAD
SANCTITY.VIRTUE,ESCRITURA
SANCTITY.VIRTUE,ESCRITURAS
SANCTITY.VIRTUE,SANTUARIO
SANCTITY.VIRTUE,ALMA
SANCTITY.VIRTUE,CONMOVEDOR
SANCTITY.VIRTUE,ALMAS
SANCTITY.VIRTUE,ESPIRITUAL
SANCTITY.VIRTUE,ESPIRITUALIDAD
SANCTITY.VIRTUE,IMPECABLE
SANCTITY.VIRTUE,IMPECABLEMENTE
SANCTITY.VIRTUE,IMPECABLE
SANCTITY.VIRTUE,INOXIDABLE
SANCTITY.VIRTUE,ESTÉRIL
SANCTITY.VIRTUE,ESTERILIDAD
SANCTITY.VIRTUE,SOBRENATURAL
SANCTITY.VIRTUE,SINAGOGA
SANCTITY.VIRTUE,SINAGOGAS
SANCTITY.VIRTUE,TABERNÁCULO
SANCTITY.VIRTUE,TALMÚDICO
SANCTITY.VIRTUE,TEMPLANZA
SANCTITY.VIRTUE,TEMPLO
SANCTITY.VIRTUE,TEMPLOS
SANCTITY.VIRTUE,TEOLÓGICO
SANCTITY.VIRTUE,TEOLOGÍA
SANCTITY.VIRTUE,TORÁ
SANCTITY.VIRTUE,TORÁS
SANCTITY.VIRTUE,UNCHASTE
SANCTITY.VIRTUE,VIRGEN
SANCTITY.VIRTUE,INMACULADO
SANCTITY.VIRTUE,INTACTO
SANCTITY.VIRTUE,VIRGEN
SANCTITY.VIRTUE,VIRGINAL
SANCTITY.VIRTUE,VIRGINIDAD
SANCTITY.VIRTUE,VÍRGENES
SANCTITY.VIRTUE,SANO
SANCTITY.VIRTUE,SALUDABLEMENTE
SANCTITY.VIRTUE,SALUD
SANCTITY.VIRTUE,CULTO
SANCTITY.VIRTUE,ADORACIONES
SANCTITY.VIRTUE,YOGUI
SANCTITY.VIRTUE,YOGUIS
SANCTITY.VICE,ABORRECER
SANCTITY.VICE,ABORRECIDO
SANCTITY.VICE,ABORRECE
SANCTITY.VICE,ADICTO
SANCTITY.VICE,ADICTO
SANCTITY.VICE,ADICTIVO
SANCTITY.VICE,ADICCIÓN
SANCTITY.VICE,ADICCIONES
SANCTITY.VICE,ADICTOS
SANCTITY.VICE,ADULTERO
SANCTITY.VICE,ADULTEROS
SANCTITY.VICE,ADULTERO
SANCTITY.VICE,ADULTERIO
SANCTITY.VICE,ALCOHÓLICA
SANCTITY.VICE,ALCOHÓLICOS
SANCTITY.VICE,ALCOHOLISMO
SANCTITY.VICE,APÓSTATA
SANCTITY.VICE,APÓSTATAS
SANCTITY.VICE,BARF
SANCTITY.VICE,VOMITÓ
SANCTITY.VICE,VÓMITOS
SANCTITY.VICE,BARFS
SANCTITY.VICE,ENSUCIO
SANCTITY.VICE,ENSUCIADO
SANCTITY.VICE,ENSUCIAR
SANCTITY.VICE,ENSUCIA
SANCTITY.VICE,BM
SANCTITY.VICE,POLLA
SANCTITY.VICE,CUCARACHA
SANCTITY.VICE,CUCARACHAS
SANCTITY.VICE,CHUPAPOLLAS
SANCTITY.VICE,CHUPAPOLLAS
SANCTITY.VICE,CONTAGIO
SANCTITY.VICE,CONTAGIOSO
SANCTITY.VICE,CONTAGIOSAMENTE
SANCTITY.VICE,CONTAMINANTE
SANCTITY.VICE,CONTAMINANTES
SANCTITY.VICE,CONTAMINAR
SANCTITY.VICE,CONTAMINADO
SANCTITY.VICE,CONTAMINA
SANCTITY.VICE,CONTAMINANTE
SANCTITY.VICE,CONTAMINACIÓN
SANCTITY.VICE,CADÁVER
SANCTITY.VICE,CADÁVERES
SANCTITY.VICE,CORRUPTO
SANCTITY.VICE,CORRUPTO
SANCTITY.VICE,CORRUPTOR
SANCTITY.VICE,CORRUPCIÓN
SANCTITY.VICE,CORRUPTOS
SANCTITY.VICE,MALO
SANCTITY.VICE,CÓMO
SANCTITY.VICE,COÑO
SANCTITY.VICE,COÑOS
SANCTITY.VICE,MALDICIÓN
SANCTITY.VICE,MALDITO
SANCTITY.VICE,MALDICIONES
SANCTITY.VICE,MALDICIÓN
SANCTITY.VICE,MALDICIÓN
SANCTITY.VICE,CONDENACIÓN
SANCTITY.VICE,MALDITO
SANCTITY.VICE,CONDENATORIO
SANCTITY.VICE,MALDICIÓN
SANCTITY.VICE,DEBASAR
SANCTITY.VICE,DEBAJADO
SANCTITY.VICE,DEVALUA
SANCTITY.VICE,DEGRADANDO
SANCTITY.VICE,LIBERTINOS
SANCTITY.VICE,LIBERTINAJE
SANCTITY.VICE,DECADENCIA
SANCTITY.VICE,DECAÍDO
SANCTITY.VICE,DESCOMPOSICIONES
SANCTITY.VICE,PROFILE
SANCTITY.VICE,PROFUNDO
SANCTITY.VICE,CAMPAÑAS
SANCTITY.VICE,PROFANADORES
SANCTITY.VICE,DESFILA
SANCTITY.VICE,PROFANACIÓN
SANCTITY.VICE,DESFLORECER
SANCTITY.VICE,DESFLORECIDO
SANCTITY.VICE,DESFLORECIENDO
SANCTITY.VICE,DEFORM
SANCTITY.VICE,DEFORMADO
SANCTITY.VICE,DEFORMANDO
SANCTITY.VICE,DEFORMIDADES
SANCTITY.VICE,DEFORMIDAD
SANCTITY.VICE,DEFORMAS
SANCTITY.VICE,DEGRADACIÓN
SANCTITY.VICE,DEGRADAR
SANCTITY.VICE,DEGRADADO
SANCTITY.VICE,DEGRADADORES
SANCTITY.VICE,DEGRADA
SANCTITY.VICE,DEGRADANTE
SANCTITY.VICE,DEGRADANTEMENTE
SANCTITY.VICE,PRIVAR
SANCTITY.VICE,DEPRAVADO
SANCTITY.VICE,DEPRAVACIONES
SANCTITY.VICE,DEPRAVIDAD
SANCTITY.VICE,PROFANAR
SANCTITY.VICE,PROFANADO
SANCTITY.VICE,PROFANA
SANCTITY.VICE,PROFANANDO
SANCTITY.VICE,PROFANACIÓN
SANCTITY.VICE,PROFANACIONES
SANCTITY.VICE,DESVIANTE
SANCTITY.VICE,DESVIANTES
SANCTITY.VICE,DEMONIO
SANCTITY.VICE,SUCIEDAD
SANCTITY.VICE,ENSUCIA
SANCTITY.VICE,SUCIO
SANCTITY.VICE,ENSUCIAR
SANCTITY.VICE,ENFERMEDAD
SANCTITY.VICE,ENFERMO
SANCTITY.VICE,ENFERMEDADES
SANCTITY.VICE,DISGUST
SANCTITY.VICE,DISGUSTADO
SANCTITY.VICE,DESAGRADABLE
SANCTITY.VICE,ASQUEROSAMENTE
SANCTITY.VICE,DISGUSTACIONES
SANCTITY.VICE,DIVORCIO
SANCTITY.VICE,DIVORCIADO
SANCTITY.VICE,DIVORCIOS
SANCTITY.VICE,DIVORCIAMIENTO
SANCTITY.VICE,GILIPOLLAS
SANCTITY.VICE,IMBÉCILES
SANCTITY.VICE,DROGA
SANCTITY.VICE,DROGADO
SANCTITY.VICE,DROGA
SANCTITY.VICE,DROGAS
SANCTITY.VICE,CONTENIDO
SANCTITY.VICE,EPIDEMIA
SANCTITY.VICE,EPIDEMIAS
SANCTITY.VICE,EXCREMENTO
SANCTITY.VICE,EXCRETAR
SANCTITY.VICE,EXCRETADO
SANCTITY.VICE,EXCRETACIONES
SANCTITY.VICE,EXCRETANDO
SANCTITY.VICE,FECAL
SANCTITY.VICE,HECES
SANCTITY.VICE,SUFRIR
SANCTITY.VICE,SUFRIDO
SANCTITY.VICE,SUFRIENDO
SANCTITY.VICE,FESTEROS
SANCTITY.VICE,SUCIEDAD
SANCTITY.VICE,ASQUEROSO
SANCTITY.VICE,CARNE
SANCTITY.VICE,FORNICAR
SANCTITY.VICE,FORNICADO
SANCTITY.VICE,FORNICANDO
SANCTITY.VICE,FORNICACIÓN
SANCTITY.VICE,FORNICADOR
SANCTITY.VICE,FORNICADORES
SANCTITY.VICE,FALTA
SANCTITY.VICE,MIERDA
SANCTITY.VICE,JODIDOS
SANCTITY.VICE,CABRON
SANCTITY.VICE,MALDITOS
SANCTITY.VICE,JODER
SANCTITY.VICE,JODER
SANCTITY.VICE,GANGRENA
SANCTITY.VICE,GANGRENOSO
SANCTITY.VICE,BASURA
SANCTITY.VICE,GERMEN
SANCTITY.VICE,GÉRMENES
SANCTITY.VICE,IMPÍO
SANCTITY.VICE,GONORREA
SANCTITY.VICE,BRUTO
SANCTITY.VICE,BRUTALIDAD
SANCTITY.VICE,RAMERA
SANCTITY.VICE,RAMERAS
SANCTITY.VICE,HEDONISMO
SANCTITY.VICE,HEDONISTA
SANCTITY.VICE,HEDONISTA
SANCTITY.VICE,INFIERNO
SANCTITY.VICE,HEREJÍAS
SANCTITY.VICE,HEREJÍA
SANCTITY.VICE,HEREJE
SANCTITY.VICE,HERÉTICO
SANCTITY.VICE,HEREJES
SANCTITY.VICE,PROSTITUTA
SANCTITY.VICE,PROSTITUTAS
SANCTITY.VICE,HORRIBLE
SANCTITY.VICE,HORRORÍFICO
SANCTITY.VICE,HORROR
SANCTITY.VICE,HORRORES
SANCTITY.VICE,IMPIEDAD
SANCTITY.VICE,IMPIO
SANCTITY.VICE,IMPURO
SANCTITY.VICE,IMPUREZAS
SANCTITY.VICE,IMPUREZA
SANCTITY.VICE,INCEST
SANCTITY.VICE,INCESTUOSA
SANCTITY.VICE,INCESTUOSAMENTE
SANCTITY.VICE,INDECENCIAS
SANCTITY.VICE,INDECENCIA
SANCTITY.VICE,INDECENTE
SANCTITY.VICE,INDECENTEMENTE
SANCTITY.VICE,INFECT
SANCTITY.VICE,INFECTADO
SANCTITY.VICE,INFECTANDO
SANCTITY.VICE,INFECCIÓN
SANCTITY.VICE,INFECCIONES
SANCTITY.VICE,INFECCIOSIDAD
SANCTITY.VICE,INFECTA
SANCTITY.VICE,INFEST
SANCTITY.VICE,INFESTACIÓN
SANCTITY.VICE,INFESTADO
SANCTITY.VICE,INFESTANDO
SANCTITY.VICE,INFESTA
SANCTITY.VICE,LEPROSO
SANCTITY.VICE,LEPROSOS
SANCTITY.VICE,LEPRA
SANCTITY.VICE,LASCIVO
SANCTITY.VICE,LASCURIDAD
SANCTITY.VICE,PIOJOS
SANCTITY.VICE,ESTIÉRCOL
SANCTITY.VICE,MAR
SANCTITY.VICE,EMPAÑADO
SANCTITY.VICE,MOHOSO
SANCTITY.VICE,MUCK
SANCTITY.VICE,LIMPIEZA
SANCTITY.VICE,MUCKY
SANCTITY.VICE,LODO
SANCTITY.VICE,NÁUSEAS
SANCTITY.VICE,NÁUSEAS
SANCTITY.VICE,NAUESANTE
SANCTITY.VICE,NAUESANTEMENTE
SANCTITY.VICE,NÁUSEAS
SANCTITY.VICE,NECROFILIA
SANCTITY.VICE,NECRÓFILO
SANCTITY.VICE,NECRÓFILOS
SANCTITY.VICE,OBSCENO
SANCTITY.VICE,OBSCENIDAD
SANCTITY.VICE,PANDEMIA
SANCTITY.VICE,PANDEMIAS
SANCTITY.VICE,PARÁSITO
SANCTITY.VICE,PARÁSITOS
SANCTITY.VICE,PARÁSITO
SANCTITY.VICE,PARASITAMENTE
SANCTITY.VICE,PATÓGENO
SANCTITY.VICE,PATÓGENO
SANCTITY.VICE,PATÓGENOS
SANCTITY.VICE,PERVERSO
SANCTITY.VICE,PERVERSAMENTE
SANCTITY.VICE,PERVERTIDO
SANCTITY.VICE,PERVERTIDO
SANCTITY.VICE,PERVERTIDOS
SANCTITY.VICE,PESTILENCIA
SANCTITY.VICE,FLEMA
SANCTITY.VICE,FLEGMÁTICO
SANCTITY.VICE,FLEMATICAMENTE
SANCTITY.VICE,POCINA
SANCTITY.VICE,PLAGA
SANCTITY.VICE,PLAGADO
SANCTITY.VICE,PLAGAS
SANCTITY.VICE,PLAGA
SANCTITY.VICE,PROFANO
SANCTITY.VICE,BLASFANÍAS
SANCTITY.VICE,BLASFANIDAD
SANCTITY.VICE,PROMISCUIDAD
SANCTITY.VICE,PROMISCUO
SANCTITY.VICE,PROSTITUTA
SANCTITY.VICE,PROSTITUIDA
SANCTITY.VICE,PROSTITUTAS
SANCTITY.VICE,PROSTITUCIÓN
SANCTITY.VICE,PROSTITUCIÓN
SANCTITY.VICE,LIBRO
SANCTITY.VICE,VOMITÓ
SANCTITY.VICE,PUKA
SANCTITY.VICE,VOMITO
SANCTITY.VICE,PONER
SANCTITY.VICE,PÚTRIDO
SANCTITY.VICE,RATA
SANCTITY.VICE,RATAS
SANCTITY.VICE,REPUGNANCIA
SANCTITY.VICE,REPUGNANTE
SANCTITY.VICE,REPUGNANTEMENTE
SANCTITY.VICE,RECHAZADO
SANCTITY.VICE,RECHAZA
SANCTITY.VICE,REPULSANDO
SANCTITY.VICE,REPULSIVO
SANCTITY.VICE,REPULSIÓN
SANCTITY.VICE,REPUGNANTE
SANCTITY.VICE,RIESGO
SANCTITY.VICE,PODREDUMBRE
SANCTITY.VICE,PODRIDO
SANCTITY.VICE,PODREDUMBRE
SANCTITY.VICE,BASURA
SANCTITY.VICE,SATAN
SANCTITY.VICE,SATÁNICO
SANCTITY.VICE,SATÁNICAMENTE
SANCTITY.VICE,SARNA
SANCTITY.VICE,ESCATALÓGICO
SANCTITY.VICE,ESCORIA
SANCTITY.VICE,ESPUMOSO
SANCTITY.VICE,SCUZZ
SANCTITY.VICE,SUCIOSO
SANCTITY.VICE,SEXUAL
SANCTITY.VICE,SEXUALIDAD
SANCTITY.VICE,MIERDA
SANCTITY.VICE,MIERDA
SANCTITY.VICE,MIERDA
SANCTITY.VICE,MIERDAS
SANCTITY.VICE,MIERDA
SANCTITY.VICE,CAGANDO
SANCTITY.VICE,MIERDA
SANCTITY.VICE,PECADO
SANCTITY.VICE,PECAMINOSO
SANCTITY.VICE,PECAMINOSAMENTE
SANCTITY.VICE,PECAMINOSIDAD
SANCTITY.VICE,PECÓ
SANCTITY.VICE,PECADOR
SANCTITY.VICE,PECADORES
SANCTITY.VICE,PECAR
SANCTITY.VICE,PECADOS
SANCTITY.VICE,ZORRA
SANCTITY.VICE,ESCANEADO
SANCTITY.VICE,ZAMBULLIDA
SANCTITY.VICE,ZORRAS
SANCTITY.VICE,ZORRA
SANCTITY.VICE,SORPRESA
SANCTITY.VICE,SORDIEZ
SANCTITY.VICE,SÓRDIDO
SANCTITY.VICE,BABA
SANCTITY.VICE,VISCOSO
SANCTITY.VICE,FINAL
SANCTITY.VICE,PUTAS
SANCTITY.VICE,PUTADURA
SANCTITY.VICE,FINAL
SANCTITY.VICE,ZORRA
SANCTITY.VICE,SODOMÍA
SANCTITY.VICE,SUCIO
SANCTITY.VICE,ARRUINAR
SANCTITY.VICE,ARRUINADO
SANCTITY.VICE,CONSUMIR
SANCTITY.VICE,PROPAGACIÓN
SANCTITY.VICE,MANCHA
SANCTITY.VICE,MANCHADO
SANCTITY.VICE,TINCIÓN
SANCTITY.VICE,MANCHAS
SANCTITY.VICE,MANCHADO
SANCTITY.VICE,MANCHAS
SANCTITY.VICE,MANCHAR
SANCTITY.VICE,JURAR
SANCTITY.VICE,JURA
SANCTITY.VICE,JURÓ
SANCTITY.VICE,MANCHA
SANCTITY.VICE,CONTAMINADO
SANCTITY.VICE,CONTAMINACIÓN
SANCTITY.VICE,MANCHAS
SANCTITY.VICE,DESLUMBRAR
SANCTITY.VICE,EMPAÑADO
SANCTITY.VICE,DESLUMBRAMIENTO
SANCTITY.VICE,MANCHA
SANCTITY.VICE,BASURA
SANCTITY.VICE,BASURA
SANCTITY.VICE,BASURA
SANCTITY.VICE,BASURA
SANCTITY.VICE,BASURA
SANCTITY.VICE,IMPURO
SANCTITY.VICE,IMPUREZA
SANCTITY.VICE,INTOCABLE
SANCTITY.VICE,INTOCABLES
SANCTITY.VICE,ALFARNAS
SANCTITY.VICE,VIRAL
SANCTITY.VICE,VIRUS
SANCTITY.VICE,VIRUS
SANCTITY.VICE,VOMITAR
SANCTITY.VICE,VOMITADO
SANCTITY.VICE,VÓMITOS
SANCTITY.VICE,VÓMITOS
SANCTITY.VICE,DESPERDICIAR
SANCTITY.VICE,DESPERDICIADO
SANCTITY.VICE,DESPERDICIO
SANCTITY.VICE,DESPERDICADORES
SANCTITY.VICE,DESECHOS
SANCTITY.VICE,DESPERDICIO
SANCTITY.VICE,PUTA
SANCTITY.VICE,PROSTITUTA
SANCTITY.VICE,BURRILLO
SANCTITY.VICE,PROSTÍBULOS
SANCTITY.VICE,PUTAS
SANCTITY.VICE,PROSTITUCIÓN